model,generation,key,path
2,0,gen0.csv,models\model_2\racing_data\gen0.csv
2,1,gen1.csv,models\model_2\racing_data\gen1.csv
2,10,gen10.csv,models\model_2\racing_data\gen10.csv
2,11,gen11.csv,models\model_2\racing_data\gen11.csv
2,12,gen12.csv,models\model_2\racing_data\gen12.csv
2,13,gen13.csv,models\model_2\racing_data\gen13.csv
2,14,gen14.csv,models\model_2\racing_data\gen14.csv
2,15,gen15.csv,models\model_2\racing_data\gen15.csv
2,16,gen16.csv,models\model_2\racing_data\gen16.csv
2,17,gen17.csv,models\model_2\racing_data\gen17.csv
2,18,gen18.csv,models\model_2\racing_data\gen18.csv
2,19,gen19.csv,models\model_2\racing_data\gen19.csv
2,2,gen2.csv,models\model_2\racing_data\gen2.csv
2,20,gen20.csv,models\model_2\racing_data\gen20.csv
2,21,gen21.csv,models\model_2\racing_data\gen21.csv
2,22,gen22.csv,models\model_2\racing_data\gen22.csv
2,23,gen23.csv,models\model_2\racing_data\gen23.csv
2,24,gen24.csv,models\model_2\racing_data\gen24.csv
2,25,gen25.csv,models\model_2\racing_data\gen25.csv
2,26,gen26.csv,models\model_2\racing_data\gen26.csv
2,27,gen27.csv,models\model_2\racing_data\gen27.csv
2,28,gen28.csv,models\model_2\racing_data\gen28.csv
2,29,gen29.csv,models\model_2\racing_data\gen29.csv
2,3,gen3.csv,models\model_2\racing_data\gen3.csv
2,30,gen30.csv,models\model_2\racing_data\gen30.csv
2,31,gen31.csv,models\model_2\racing_data\gen31.csv
2,32,gen32.csv,models\model_2\racing_data\gen32.csv
2,33,gen33.csv,models\model_2\racing_data\gen33.csv
2,34,gen34.csv,models\model_2\racing_data\gen34.csv
2,35,gen35.csv,models\model_2\racing_data\gen35.csv
2,36,gen36.csv,models\model_2\racing_data\gen36.csv
2,37,gen37.csv,models\model_2\racing_data\gen37.csv
2,38,gen38.csv,models\model_2\racing_data\gen38.csv
2,39,gen39.csv,models\model_2\racing_data\gen39.csv
2,4,gen4.csv,models\model_2\racing_data\gen4.csv
2,40,gen40.csv,models\model_2\racing_data\gen40.csv
2,41,gen41.csv,models\model_2\racing_data\gen41.csv
2,42,gen42.csv,models\model_2\racing_data\gen42.csv
2,43,gen43.csv,models\model_2\racing_data\gen43.csv
2,44,gen44.csv,models\model_2\racing_data\gen44.csv
2,45,gen45.csv,models\model_2\racing_data\gen45.csv
2,46,gen46.csv,models\model_2\racing_data\gen46.csv
2,47,gen47.csv,models\model_2\racing_data\gen47.csv
2,48,gen48.csv,models\model_2\racing_data\gen48.csv
2,49,gen49.csv,models\model_2\racing_data\gen49.csv
2,5,gen5.csv,models\model_2\racing_data\gen5.csv
2,50,gen50.csv,models\model_2\racing_data\gen50.csv
2,51,gen51.csv,models\model_2\racing_data\gen51.csv
2,52,gen52.csv,models\model_2\racing_data\gen52.csv
2,53,gen53.csv,models\model_2\racing_data\gen53.csv
2,54,gen54.csv,models\model_2\racing_data\gen54.csv
2,55,gen55.csv,models\model_2\racing_data\gen55.csv
2,56,gen56.csv,models\model_2\racing_data\gen56.csv
2,57,gen57.csv,models\model_2\racing_data\gen57.csv
2,58,gen58.csv,models\model_2\racing_data\gen58.csv
2,59,gen59.csv,models\model_2\racing_data\gen59.csv
2,6,gen6.csv,models\model_2\racing_data\gen6.csv
2,60,gen60.csv,models\model_2\racing_data\gen60.csv
2,61,gen61.csv,models\model_2\racing_data\gen61.csv
2,62,gen62.csv,models\model_2\racing_data\gen62.csv
2,63,gen63.csv,models\model_2\racing_data\gen63.csv
2,64,gen64.csv,models\model_2\racing_data\gen64.csv
2,65,gen65.csv,models\model_2\racing_data\gen65.csv
2,66,gen66.csv,models\model_2\racing_data\gen66.csv
2,7,gen7.csv,models\model_2\racing_data\gen7.csv
2,8,gen8.csv,models\model_2\racing_data\gen8.csv
2,9,gen9.csv,models\model_2\racing_data\gen9.csv
70,33,gen33.csv,models\model_70\racing_data\gen33.csv
