driverId,code,number,name,picture
1,HAM,44,Lewis Hamilton,//upload.wikimedia.org/wikipedia/commons/thumb/a/ac/Lewis_Hamilton_2022_S%C3%A3o_Paulo_Grand_Prix_%2852498120773%29_%28cropped%29.jpg/220px-Lewis_Hamilton_2022_S%C3%A3o_Paulo_Grand_Prix_%2852498120773%29_%28cropped%29.jpg
4,ALO,14,Fernando Alonso,//upload.wikimedia.org/wikipedia/commons/thumb/2/2b/Alonso_2016.jpg/220px-Alonso_2016.jpg
8,RAI,7,Kimi Räikkönen,//upload.wikimedia.org/wikipedia/commons/thumb/f/ff/F12019_Schloss_Gabelhofen_%2822%29_%28cropped%29.jpg/220px-F12019_Schloss_Gabelhofen_%2822%29_%28cropped%29.jpg
10,GLO,\N,Timo Glock,//upload.wikimedia.org/wikipedia/commons/thumb/2/29/Timo_Glock.JPG/220px-Timo_Glock.JPG
14,COU,\N,David Coulthard,//upload.wikimedia.org/wikipedia/commons/thumb/b/bc/David_Coulthard_Champions_for_Charity_2022_%28cropped%29.jpg/220px-David_Coulthard_Champions_for_Charity_2022_%28cropped%29.jpg
18,BUT,22,Jenson Button,//upload.wikimedia.org/wikipedia/commons/thumb/2/21/Button_in_2018.JPG/220px-Button_in_2018.JPG
20,VET,5,Sebastian Vettel,//upload.wikimedia.org/wikipedia/commons/thumb/5/5e/Sebastian_Vettel_-_2022236172324_2022-08-24_Champions_for_Charity_-_Sven_-_1D_X_MK_II_-_0418_-_B70I2428.jpg/220px-Sebastian_Vettel_-_2022236172324_2022-08-24_Champions_for_Charity_-_Sven_-_1D_X_MK_II_-_0418_-_B70I2428.jpg
21,FIS,\N,Giancarlo Fisichella,//upload.wikimedia.org/wikipedia/commons/thumb/e/e2/Giancarlo_Fisichella_2012_WEC_Fuji.jpg/220px-Giancarlo_Fisichella_2012_WEC_Fuji.jpg
22,BAR,\N,Rubens Barrichello,//upload.wikimedia.org/wikipedia/commons/thumb/a/ae/Rubinho.jpg/220px-Rubinho.jpg
24,LIU,\N,Vitantonio Liuzzi,//upload.wikimedia.org/wikipedia/commons/thumb/0/01/Vitantonio_Liuzzi_2011_Malaysia.jpg/220px-Vitantonio_Liuzzi_2011_Malaysia.jpg
29,YAM,\N,Sakon Yamamoto,//upload.wikimedia.org/wikipedia/commons/thumb/9/98/Sakon_Yamamoto_2010_Motorsport_Japan.jpg/220px-Sakon_Yamamoto_2010_Motorsport_Japan.jpg
30,MSC,\N,Michael Schumacher,//upload.wikimedia.org/wikipedia/commons/thumb/3/32/A%C3%A9cio_Neves%2C_Michael_Schumacher_e_Didi_%28Cropped%29.jpg/220px-A%C3%A9cio_Neves%2C_Michael_Schumacher_e_Didi_%28Cropped%29.jpg
35,VIL,\N,Jacques Villeneuve,//upload.wikimedia.org/wikipedia/commons/thumb/7/76/Jacques_Villeneuve_22_2012_Road_America_Sargento_200.jpg/220px-Jacques_Villeneuve_22_2012_Road_America_Sargento_200.jpg
36,FMO,\N,Franck Montagny,//upload.wikimedia.org/wikipedia/commons/thumb/a/a9/Franck_Montagny_Le_Mans_drivers_parade_2011_crop.jpg/220px-Franck_Montagny_Le_Mans_drivers_parade_2011_crop.jpg
39,KAR,\N,Narain Karthikeyan,//upload.wikimedia.org/wikipedia/commons/thumb/8/8a/NarainKarthikeyan.JPG/220px-NarainKarthikeyan.JPG
47,\N,\N,Zsolt Baumgartner,//upload.wikimedia.org/wikipedia/commons/thumb/e/e3/ChampCar_2007_Baumgartner.jpg/220px-ChampCar_2007_Baumgartner.jpg
73,\N,\N,Ricardo Rosset,//upload.wikimedia.org/wikipedia/en/thumb/0/05/Flag_of_Brazil.svg/22px-Flag_of_Brazil.svg.png
86,\N,\N,Giovanni Lavaggi,//upload.wikimedia.org/wikipedia/en/thumb/0/03/Flag_of_Italy.svg/23px-Flag_of_Italy.svg.png
87,\N,\N,Mark Blundell,//upload.wikimedia.org/wikipedia/commons/thumb/1/18/Mark_Blundell_portrait_2011.jpg/220px-Mark_Blundell_portrait_2011.jpg
89,\N,\N,Taki Inoue,//upload.wikimedia.org/wikipedia/en/thumb/9/9e/Flag_of_Japan.svg/23px-Flag_of_Japan.svg.png
90,\N,\N,Roberto Moreno,//upload.wikimedia.org/wikipedia/commons/thumb/f/f4/Roberto_Bud_suite_97.tif/lossy-page1-220px-Roberto_Bud_suite_97.tif.jpg
92,\N,\N,Bertrand Gachot,//upload.wikimedia.org/wikipedia/commons/thumb/0/08/Bertrand_Gachot_-_1991_US_GP.jpg/220px-Bertrand_Gachot_-_1991_US_GP.jpg
93,\N,\N,Domenico Schiattarella,//upload.wikimedia.org/wikipedia/en/thumb/0/03/Flag_of_Italy.svg/23px-Flag_of_Italy.svg.png
95,\N,\N,Nigel Mansell,//upload.wikimedia.org/wikipedia/commons/thumb/0/00/Nigel_Mansell_%2815088851294%29.jpg/220px-Nigel_Mansell_%2815088851294%29.jpg
98,\N,\N,Jean-Denis Délétraz,//upload.wikimedia.org/wikipedia/commons/thumb/d/da/Jean-Denis_D%C3%A9l%C3%A9traz_-_Le_Mans_2012.JPG/220px-Jean-Denis_D%C3%A9l%C3%A9traz_-_Le_Mans_2012.JPG
102,\N,\N,Ayrton Senna,//upload.wikimedia.org/wikipedia/commons/thumb/3/38/Ayrton_Senna_8_%28cropped%29.jpg/220px-Ayrton_Senna_8_%28cropped%29.jpg
113,\N,\N,Philippe Adams,//upload.wikimedia.org/wikipedia/commons/thumb/9/92/Flag_of_Belgium_%28civil%29.svg/23px-Flag_of_Belgium_%28civil%29.svg.png
154,GRO,8,Romain Grosjean,//upload.wikimedia.org/wikipedia/commons/thumb/5/5a/Romain_Grosjean_%282021%29.jpg/220px-Romain_Grosjean_%282021%29.jpg
812,CHA,\N,Karun Chandhok,//upload.wikimedia.org/wikipedia/commons/thumb/3/32/Karun_Chandhok_Goodwood_Festival_of_Speed_2019_%2848242680701%29.jpg/220px-Karun_Chandhok_Goodwood_Festival_of_Speed_2019_%2848242680701%29.jpg
815,PER,11,Sergio Pérez,//upload.wikimedia.org/wikipedia/commons/thumb/7/7a/Sergio_P%C3%A9rez_2019_%28cropped%29.jpg/220px-Sergio_P%C3%A9rez_2019_%28cropped%29.jpg
822,BOT,77,Valtteri Bottas,//upload.wikimedia.org/wikipedia/commons/thumb/5/5f/Valtteri_Bottas_at_the_2022_Austrian_Grand_Prix.jpg/220px-Valtteri_Bottas_at_the_2022_Austrian_Grand_Prix.jpg
828,ERI,9,Marcus Ericsson,//upload.wikimedia.org/wikipedia/commons/thumb/8/87/Marcus_Ericsson_in_2023.jpg/220px-Marcus_Ericsson_in_2023.jpg
830,VER,33,Max Verstappen,//upload.wikimedia.org/wikipedia/commons/thumb/7/7d/Max_Verstappen_2017_Malaysia_3_%28cropped%29.jpg/220px-Max_Verstappen_2017_Malaysia_3_%28cropped%29.jpg
832,SAI,55,Carlos Sainz,//upload.wikimedia.org/wikipedia/commons/thumb/f/f9/Formula1Gabelhofen2022_%2804%29_%28cropped%29.jpg/250px-Formula1Gabelhofen2022_%2804%29_%28cropped%29.jpg
833,MER,98,Roberto Merhi,//upload.wikimedia.org/wikipedia/commons/thumb/a/ab/Roberto_Merhi_Austria_2022.jpg/220px-Roberto_Merhi_Austria_2022.jpg
837,HAR,88,Rio Haryanto,//upload.wikimedia.org/wikipedia/commons/thumb/6/6a/Rio_Haryanto_2016_paddock.jpg/220px-Rio_Haryanto_2016_paddock.jpg
844,LEC,16,Charles Leclerc,//upload.wikimedia.org/wikipedia/commons/thumb/9/91/Charles-Leclerc_%28cropped_1%29.jpg/220px-Charles-Leclerc_%28cropped_1%29.jpg
846,NOR,4,Lando Norris,//upload.wikimedia.org/wikipedia/commons/thumb/9/9c/Lando_Norris%2C_British_GP_2022_%2852382611003%29_%28cropped%29.jpg/220px-Lando_Norris%2C_British_GP_2022_%2852382611003%29_%28cropped%29.jpg
849,LAT,6,Nicholas Latifi,//upload.wikimedia.org/wikipedia/commons/thumb/7/74/Nicholas_Latifi_at_Singapore_in_2022.jpg/220px-Nicholas_Latifi_at_Singapore_in_2022.jpg
852,TSU,22,Yuki Tsunoda,//upload.wikimedia.org/wikipedia/commons/thumb/e/eb/2021_US_GP%2C_Tsunoda.jpg/220px-2021_US_GP%2C_Tsunoda.jpg
853,MAZ,9,Nikita Mazepin,//upload.wikimedia.org/wikipedia/commons/thumb/e/e8/%D0%9D%D0%B8%D0%BA%D0%B8%D1%82%D0%B0_%D0%9C%D0%B0%D0%B7%D0%B5%D0%BF%D0%B8%D0%BD_-_%D0%B8%D0%BD%D1%82%D0%B5%D1%80%D0%B2%D1%8C%D1%8E_-_2019%2C_02.jpg/200px-%D0%9D%D0%B8%D0%BA%D0%B8%D1%82%D0%B0_%D0%9C%D0%B0%D0%B7%D0%B5%D0%BF%D0%B8%D0%BD_-_%D0%B8%D0%BD%D1%82%D0%B5%D1%80%D0%B2%D1%8C%D1%8E_-_2019%2C_02.jpg
858,SAR,2,Logan Sargeant,//upload.wikimedia.org/wikipedia/commons/thumb/a/ae/Logan_Sargeant_Austria_2022.jpg/220px-Logan_Sargeant_Austria_2022.jpg
